{"data1":{"accuracy":78.07,"batch_size":128,"bottleneck":true,"check_points_path":".\/tensorboard\/cifar10_vgg16\/exe_3\/data1","cm":null,"cut_layer":"pool3","data_augmentation":true,"decay_rate":0.98,"decay_steps":1000.0,"elapsed_time":251.5893352032,"f1_score":78.1538805394,"fine_tunning":false,"hidden_layers":[1024],"image_channels":3,"image_size":32,"initial_learning_rate":0.001,"keep":1.0,"loss[train]":[143904.5625,65660.2578125,90794.578125,48487.0859375,31546.82421875,31373.0390625,33074.34765625,37521.73046875,8176.6831054688,9433.0537109375,4868.0512695312,4854.0415039062,2164.8461914062,5041.1918945312,6955.0483398438,4724.572265625,3118.9685058594,1261.6469726562,3464.8088378906,1566.7340087891,787.1945800781,296.1985168457,1766.2769775391,1298.9968261719,838.3646850586,5324.8666992188,15.8380680084,0.0,508.1448974609,751.7066650391],"loss[validation]":[294367.5625,253243.453125,179558.1875,218091.125,163559.40625,168678.96875,196422.5625,149261.328125,160606.40625,223355.0,175236.421875,178336.203125,173488.28125,202240.171875,179464.84375,198271.0,179064.90625,205923.140625,181312.46875,223594.28125,234206.90625,194758.296875,196042.1875,174923.96875,194880.40625,189574.703125,194311.8125,214637.609375,261874.8125,172186.125],"num_classes":10,"num_epochs":30,"precision":78.4686867112,"recall":78.07}}