{"data1":{"accuracy":79.78,"batch_size":128,"bottleneck":true,"check_points_path":".\/tensorboard\/cifar10_vgg16\/exe_2\/data1","cm":null,"cut_layer":"pool3","data_augmentation":true,"decay_rate":0.98,"decay_steps":1000.0,"elapsed_time":1531163548.2222149372,"f1_score":79.7420972139,"fine_tunning":false,"hidden_layers":[1024],"image_channels":3,"image_size":32,"initial_learning_rate":0.001,"keep":1.0,"loss[train]":[119600.0546875,82397.84375,70056.6171875,72636.2578125,66936.453125,19427.943359375,14569.39453125,22371.712890625,15823.6787109375,9242.7607421875,5222.9716796875,3738.9567871094,10393.2548828125,6597.6997070312,9528.8193359375,4732.4985351562,2998.2944335938,4828.6293945312,191.3671875,4678.4594726562,1653.5770263672,1933.7379150391,2094.1533203125,1699.9992675781,613.2708129883,3076.5874023438,1301.2788085938,1101.8792724609,0.0,600.5568237305,1530.2336425781,814.5767211914,44.6438217163,1185.0206298828,0.0,3150.7329101562,447.2762756348,181.0923309326,0.0,0.0,0.0,0.0,0.0,342.3409118652,0.0,511.4012756348,0.0,1003.7138061523,953.8572387695,0.0,0.0,608.4041137695,0.0,0.0,0.0,39.0193519592,0.0,0.0,283.4105224609,0.0,0.0,0.0,0.0,0.0,0.0,0.0,0.0,0.0,0.0,286.75390625,0.0,95.1498565674,0.0,0.0,0.0,0.0,0.0,0.0,0.0,0.0,0.0,0.0,0.0,0.0,0.0,0.0,0.0,0.0,0.0,0.0,0.0,0.0,0.0,0.0,0.0,0.0,0.0,0.0,0.0,0.0],"loss[validation]":[173274.3125,129749.1171875,90715.703125,51113.96875,59483.8359375,69721.078125,115369.953125,99054.234375,80282.2109375,127547.5,106579.90625,99292.015625,102254.8203125,123971.6171875,138699.265625,85654.296875,67980.09375,152338.09375,117124.84375,152668.9375,104196.59375,111457.421875,146374.703125,110485.890625,113747.390625,135183.84375,90053.3671875,147978.5625,156593.0,147567.3125,161184.71875,133536.84375,175242.71875,133622.25,93281.6484375,91826.1875,116346.375,153608.75,150305.0,174213.90625,113072.46875,123699.015625,128142.03125,109214.828125,114997.1484375,110199.515625,129196.703125,181160.703125,113301.5546875,122293.09375,130714.7109375,108447.828125,132794.0625,155169.59375,145586.53125,146407.140625,150018.78125,156912.75,122647.5546875,102982.5390625,137153.375,115316.109375,154865.625,132768.5,159962.0625,136893.25,117920.25,162963.625,150841.78125,159852.796875,142524.65625,179418.90625,151677.828125,139511.578125,167705.46875,156536.15625,128065.9765625,131413.0,108235.71875,130933.203125,148215.65625,134630.1875,124607.546875,113642.640625,126106.9453125,127650.015625,178776.59375,131779.84375,129475.7890625,169785.5,148755.078125,172941.578125,158335.5625,143163.484375,129566.9453125,104054.359375,109540.7265625,103552.9140625,129042.515625,106206.7421875],"num_classes":10,"num_epochs":100,"precision":79.8825160153,"recall":79.78},"data2":{"accuracy":77.01,"batch_size":128,"bottleneck":true,"check_points_path":".\/tensorboard\/cifar10_vgg16\/exe_2\/data2","cm":null,"cut_layer":"pool3","data_augmentation":true,"decay_rate":0.98,"decay_steps":1000.0,"elapsed_time":1531163718.1494660378,"f1_score":77.0467806712,"fine_tunning":false,"hidden_layers":[1024],"image_channels":3,"image_size":32,"initial_learning_rate":0.001,"keep":1.0,"loss[train]":[133725.703125,96953.4296875,71866.40625,50084.36328125,29588.07421875,22475.119140625,21840.83203125,21851.3515625,12462.12890625,21054.36328125,3524.9794921875,6373.8310546875,5458.7524414062],"loss[validation]":[191077.109375,137694.4375,161613.03125,155980.5625,143329.40625,141331.40625,137791.796875,131730.84375,138324.546875,144798.5625,130502.234375,112886.7734375,160344.59375],"num_classes":10,"num_epochs":13,"precision":77.3284412782,"recall":77.01}}